{
    "js/CMTV/CriteriaBuilder/ajax-sort.js": "5f2b45b55d22995723f433cb235f34b7de618d0e10e04be2996c14843274badf",
    "js/CMTV/CriteriaBuilder/ajax-sort.min.js": "1ef5aa060bc2c3f879a15ce86aab515af5bb4a6bbc461e2350798a812de0a314",
    "js/CMTV/CriteriaBuilder/checked-counter.js": "8de785590a3eaef41d3ee54040754f0ad96852b6f486e76ab3fc099796d9e737",
    "js/CMTV/CriteriaBuilder/checked-counter.min.js": "7e15c447084b9be24c078ac5a8856b0b603d898d7f40255b48c1c670b6d66864",
    "js/CMTV/CriteriaBuilder/criteria.js": "075d68fb3206934823d54a4481ecc9f08f3212571c8a52ae4790777bcc54214d",
    "js/CMTV/CriteriaBuilder/criteria.min.js": "e93e4ee7c4d1b28c5486ece919e7fdfb77f5a7a7841d647df347f2c3d3c93f70",
    "js/CMTV/CriteriaBuilder/params-edit.js": "849d30638ccaed594b34c7f029f3c0ebcfd9689c2f579258c207a8eab8029d9d",
    "js/CMTV/CriteriaBuilder/params-edit.min.js": "c639cf4862ed2df9ac93b6b5a12f19802ce3329741d3dbfd08815f082245ba4f",
    "js/CMTV/CriteriaBuilder/sort.js": "971a879f2ad6de5597e5a65f4700dc59b18af2399bdbb53c57337b2c7d567210",
    "js/CMTV/CriteriaBuilder/sort.min.js": "a5ebad088a62d26e595e3bc9a056dff8d8087ef5c1119f212868dc6014f60457",
    "src/addons/CMTV/CriteriaBuilder/addon.json": "a1b3f3afe576d7588fe3ebe38469e037fcbc2bd3dfcbb46320b0a2d52a273416",
    "src/addons/CMTV/CriteriaBuilder/AddOn/DataType/ParamDefinition.php": "33bf3e00d5f38daf505f58ef60538e6d712f1c2dc01dfbae7185eb1ac681b25d",
    "src/addons/CMTV/CriteriaBuilder/Admin/Controller/Category.php": "9af709f9611113bd9346c282601fb56073de30591ab8f52bad49e3e0a39ef690",
    "src/addons/CMTV/CriteriaBuilder/Admin/Controller/Criterion.php": "12e8976d6e77779e034525303867ba2e05008261cd96b14242cb1ee1752a1364",
    "src/addons/CMTV/CriteriaBuilder/Admin/Controller/Export.php": "ce1d0a8d04e9e3d7c7aa7e569e675eea262c2764b9a7b6af3e7f3b833aa9f935",
    "src/addons/CMTV/CriteriaBuilder/Admin/Controller/Import.php": "d3c7801232a362b44d012db24baed84cb8dc9599b3b9c0fc59f294361ce13f1c",
    "src/addons/CMTV/CriteriaBuilder/Admin/Controller/Param.php": "174cbf57a78e3a88d62ae6cf4030dd8eb0b94378c6f3790156eb64d430a32c06",
    "src/addons/CMTV/CriteriaBuilder/Admin/Controller/ParamDefinition.php": "8140caae77be61023e515ef11060f6c9bc0f7088f833c77d383c3cede6dff61e",
    "src/addons/CMTV/CriteriaBuilder/Admin/View/Criterion/Export.php": "f32c5ac7bbd081f479af21233d2a0c8dedafadd43d89b00129d50006d984e04d",
    "src/addons/CMTV/CriteriaBuilder/Constants.php": "dce77682a342740214270c690cdc713f5ce5e3bdb9b327be93910b48b0402c2d",
    "src/addons/CMTV/CriteriaBuilder/ControllerPlugin/AjaxSort.php": "c43102f38c5ead5130d8e5ef7cd63c5ef20604f16727aa0618c5d8220056f13e",
    "src/addons/CMTV/CriteriaBuilder/ControllerPlugin/ListEmpty.php": "3fffe78c59e84d33916cde411e16dc3553da69b5a58855d75fb8034c61e3845b",
    "src/addons/CMTV/CriteriaBuilder/Data/CriteriaType.php": "25b32158a50a0c4f10e7e2a44f60a44be5f1950e2287b5f324d02b2c23b70e7b",
    "src/addons/CMTV/CriteriaBuilder/DevelopmentOutput/ParamDefinition.php": "bedc44040be8f3efdfd1e854feeb6d5517a9d7b72bc3cf3885e247533bb9a871",
    "src/addons/CMTV/CriteriaBuilder/Entity/Category.php": "6552399dfcb4839e0cf54f1d1bb70d0d27bad75d8d726cbf3e2b760e3f417177",
    "src/addons/CMTV/CriteriaBuilder/Entity/Criterion.php": "465f27f876be2861ae7854807474a76795217ec04a043ef8944324b6a72458e7",
    "src/addons/CMTV/CriteriaBuilder/Entity/Param.php": "6fb6621ad46877f4c8b86be7af38f09c0a1368e8a498fbcb2f5e4224f4b7f738",
    "src/addons/CMTV/CriteriaBuilder/Entity/ParamDefinition.php": "f1567f5764217e6fcf3406a0c2412e50917a68e75ce33c301b5a42b001f35e4d",
    "src/addons/CMTV/CriteriaBuilder/Entity/TransferableEntity.php": "dd545edcf2b1b1c9acf0598a96612360bdad5651691f89a434376757aaf4c0b1",
    "src/addons/CMTV/CriteriaBuilder/EventListener.php": "b6cd0febf462c1e735f63c7c9e3ddbc9a884f46b556c3d1723b5a17d4b1e9001",
    "src/addons/CMTV/CriteriaBuilder/icon.png": "9c7398fe42630e2a32ca70c6d1fb2d3ef65f1577ec7654ee05e9b5d07ac84f8e",
    "src/addons/CMTV/CriteriaBuilder/Job/AbstractRebuildOffsetJob.php": "f95dad74de93b56a8070f1603db66f9dbdd285acde8555fd858b44db48feaa82",
    "src/addons/CMTV/CriteriaBuilder/Job/CategoryCriteriaCount.php": "f7efe8e3e600e9d2190314eba1afe9b22e312445a62434401ad97db4189a11a1",
    "src/addons/CMTV/CriteriaBuilder/Param/AbstractParam.php": "95974e71e6e14899ab8fec98b8eea482b665c452b7792a75f0a91524dd180556",
    "src/addons/CMTV/CriteriaBuilder/Param/DateTime.php": "ca33cae1d8d6b4581b6a99d3f1dea1c581d4b7aaa1e22ae64bc084dc2382e26c",
    "src/addons/CMTV/CriteriaBuilder/Param/ForumSelect.php": "32f7eaac8dc803849b0e9c75c6038740dbd9395045cefb2bb926f3255e2076c3",
    "src/addons/CMTV/CriteriaBuilder/Param/NumberBox.php": "d397d7ccfa2298a335a72dcecc4d06e579a5f8be03d4556d71b348376771fe52",
    "src/addons/CMTV/CriteriaBuilder/Param/ParamConfig.php": "c1b8c6b20c07f70039e2ae2c64d8bbe447fd8148ed949f3c97a4896569cfc583",
    "src/addons/CMTV/CriteriaBuilder/Param/ReactionSelect.php": "4226a8c1b4527b019c8ed96f5afd4e35f9fdaba26dde709a1d605723cb17e413",
    "src/addons/CMTV/CriteriaBuilder/Param/Switcher.php": "9b6e793cf2688e335f7716fcc18e5b560283dfe74543076352cc91227bce5ef1",
    "src/addons/CMTV/CriteriaBuilder/Param/TextBox.php": "c3867b3aaf525c746eeb525b022be8534bb5c00a62a967964e2fe61c0ca25a86",
    "src/addons/CMTV/CriteriaBuilder/Param/ThreadPrefixSelect.php": "7d51478b281afa0f0899184983ce9485450c4c48bd5d55fa250190cc1dfa8be3",
    "src/addons/CMTV/CriteriaBuilder/Param/UserGroupSelect.php": "651bfc52bbea253671ff80e864482b5797b05dcf1c99c7649c6a8bafec8fe5d2",
    "src/addons/CMTV/CriteriaBuilder/Repository/Category.php": "2d876073accec9494d9c0ce4d5cc60a451abd0a7aeae32fe2217f7aba668f936",
    "src/addons/CMTV/CriteriaBuilder/Repository/Criterion.php": "c2001c55c14538cd6019d9a1983205907fe74910d8c4e593173be1baa726cf7b",
    "src/addons/CMTV/CriteriaBuilder/Repository/Param.php": "582c3d6908f4e46d46b0e4f59e0a0f35d8257bd301683ae977c83a15dece552a",
    "src/addons/CMTV/CriteriaBuilder/Repository/ParamDefinition.php": "29cf2727d19a21c28407ef3340159bd9caf2e2da47216e74dd4747ec2277ae5f",
    "src/addons/CMTV/CriteriaBuilder/Service/Criterion/Export.php": "f7e32183050def159912a776a2e157ae358ebff9949905edbf8e7ba16e090d1a",
    "src/addons/CMTV/CriteriaBuilder/Service/Criterion/Import.php": "89ee8eebe48d786a23c22f6a34c4d875ad3c021082bed28671f04b44cbd6cfb0",
    "src/addons/CMTV/CriteriaBuilder/Setup.php": "756bab611e8dcd6517216ee0d25f5ef161fa2d04c691c4840f7362a14e20c134",
    "src/addons/CMTV/CriteriaBuilder/TransferArray/Category.php": "f779d346ba034a829fae080acb7168af90a0322caf69a2bd38b1161192a0c651",
    "src/addons/CMTV/CriteriaBuilder/TransferArray/Criterion.php": "7daa98d172fadb7df409a2d735fb6f862d65d79a7c2c99499eb129f50e7e613a",
    "src/addons/CMTV/CriteriaBuilder/TransferArray/Param.php": "e36d5f240b99467d3f6373e7234a23008f3bb582795fa792f91e97e17478f334",
    "src/addons/CMTV/CriteriaBuilder/TransferArray/TransferArray.php": "02aeb02a4f46f93e013d6161aba151abfcc736930ccf3425266b54aa3bead69f",
    "src/addons/CMTV/CriteriaBuilder/Util/Arr.php": "80792e7d83b0e176af158b66ea4c764eb61c7a8efec23e8f82d223b4b4bc0ef5",
    "src/addons/CMTV/CriteriaBuilder/XF/AddOn/DataManager.php": "be5576a2c7b7324a9d99c0b8c2c5e8ed279286b2227ab9a4e226f9bc94c9fa5a",
    "src/addons/CMTV/CriteriaBuilder/_data/admin_navigation.xml": "b1fee6f80e46b3c2512c8f10b6a05a1a34dc49ea28702ff896b970e1d57bad85",
    "src/addons/CMTV/CriteriaBuilder/_data/admin_permission.xml": "ef4916f284102abec9c8c77fe6aede5dad3d9184bab3852c77a659dacf0f346c",
    "src/addons/CMTV/CriteriaBuilder/_data/advertising_positions.xml": "d2f7cbe844bb1df3cf878d22ff6306249245c8ff6b0b87b9b729744bec538261",
    "src/addons/CMTV/CriteriaBuilder/_data/api_scopes.xml": "6793eaf758f140e8137187ba20e65f4faccf53410433ae3ad7a8b3b38cb6b3b7",
    "src/addons/CMTV/CriteriaBuilder/_data/bb_codes.xml": "faa4ddd5f4a365e5ac39aebdcbe2d25aedf74e7eb9ea4a812766e2fd5e13bdb1",
    "src/addons/CMTV/CriteriaBuilder/_data/bb_code_media_sites.xml": "29762987990187b33e43cfb68c08dc917b2d3f0176613d78f8e6c453f82da3f3",
    "src/addons/CMTV/CriteriaBuilder/_data/class_extensions.xml": "c9f586e22bc9a9e59bb7d88da53a0d5692006a0ad68c33c74257ff4a0634eb76",
    "src/addons/CMTV/CriteriaBuilder/_data/code_events.xml": "a6638889d08c2e509fab53be899e251b68c339fc438e136f43231646e84b4c37",
    "src/addons/CMTV/CriteriaBuilder/_data/code_event_listeners.xml": "d83b36594e699ca7017c0f5ffc8d2860a5b7d116abe8929f74eaf43c7cb9269c",
    "src/addons/CMTV/CriteriaBuilder/_data/content_type_fields.xml": "c7ad5472b28f465b7ac7617627707eba1b7a39d28089460d52e1ed292fc0b06a",
    "src/addons/CMTV/CriteriaBuilder/_data/cron.xml": "323c4284742ef24329cd6db6f288eb9736d2353f36852e1db12591e1583aea26",
    "src/addons/CMTV/CriteriaBuilder/_data/help_pages.xml": "a8a0c0b06cdc550438bc8a8d385af3e1e5ab3459877dfb934c1c31be59c89163",
    "src/addons/CMTV/CriteriaBuilder/_data/member_stats.xml": "89fb2b93ff1eca7a1f6f752248edf6090dfd24037db1446fd18ff7143f08124d",
    "src/addons/CMTV/CriteriaBuilder/_data/navigation.xml": "f75e1c03a45a360bbdfcd0567121665082315068475d5b0feb8b1acbb1688651",
    "src/addons/CMTV/CriteriaBuilder/_data/options.xml": "1cea29aa5671733d85c8fc6f7c66128eacbca5643cbb38585eb82002879b51a4",
    "src/addons/CMTV/CriteriaBuilder/_data/option_groups.xml": "154d7a89664b243d0bd8227c22e241f934bf7e196c83230ee23d3c0c4fba1333",
    "src/addons/CMTV/CriteriaBuilder/_data/param_definitions.xml": "0876c930da9449da5a99d469012424a04f4d96c810ab3f727aed54bd0fe5bdb1",
    "src/addons/CMTV/CriteriaBuilder/_data/permissions.xml": "7e4fc7d5826733d15ea2d8936b9bdd41afcaad810eb38e50da3c8d8eafda1550",
    "src/addons/CMTV/CriteriaBuilder/_data/permission_interface_groups.xml": "3177224e96458b829aa7fb24866dda9e0455a4922aee3d669b53f59a1ffdf5d1",
    "src/addons/CMTV/CriteriaBuilder/_data/phrases.xml": "3d86de91f62d7b368df1feeb121cf782dd21bd2a391a08a0f39bcc0954aa02b3",
    "src/addons/CMTV/CriteriaBuilder/_data/routes.xml": "6f1522ea1ca64c03d8479e6e1d8ca47c315e738b02e37a2836687336054aff0b",
    "src/addons/CMTV/CriteriaBuilder/_data/style_properties.xml": "8b8690a8512f01f219dd2da76e3d0c5f62afc1f317b87794a7331c859c36a7a8",
    "src/addons/CMTV/CriteriaBuilder/_data/style_property_groups.xml": "68e1879cb3846c42d978487aa8d5145ff3335fc39e58016878824d5cf3fd684c",
    "src/addons/CMTV/CriteriaBuilder/_data/templates.xml": "2224eae35b06c9396d2fbc75fa6392111be9f4e7740aa6d99c171bfa60fc8c1b",
    "src/addons/CMTV/CriteriaBuilder/_data/template_modifications.xml": "5aa085ee82dbfee8a1da14774f6f81d4c0eb8562de83ccf0dc60de15abc9e651",
    "src/addons/CMTV/CriteriaBuilder/_data/widget_definitions.xml": "37e46965256430f24004c2e7f08ba08f9b0d1cbcc4d70e84b3f4e3ffb713e64b",
    "src/addons/CMTV/CriteriaBuilder/_data/widget_positions.xml": "a29cee66134f6bc5d75ed9df1eef21096c24401915c5b5c774389c3d7bb2d5b3"
}