<?xml version="1.0" encoding="utf-8"?>
<template_modifications>
  <modification type="admin" template="helper_criteria" modification_key="CMTV_CB_helper_criteria_page_pane" description="Adding &quot;[CB] Page criteria&quot; pane" execution_order="10" enabled="1" action="preg_replace">
    <find><![CDATA[/<li class="{{ \$active == 'page' \? ' is-active' : '' }}" role="tabpanel" id="{{ unique_id\('criteriaPage'\) }}">[\s\S]+?<\/li>/]]></find>
    <replace><![CDATA[$0

<xf:macro name="pane" template="CMTV_CB_helper_criteria"
		  arg-criteriaType="page"
		  arg-criteriaInput="page_criteria"
		  arg-criteria="{$criteria}"
		  arg-data="{$data}" />]]></replace>
  </modification>
  <modification type="admin" template="helper_criteria" modification_key="CMTV_CB_helper_criteria_page_tab" description="Adding &quot;[CB] Page criteria&quot; tab" execution_order="10" enabled="1" action="str_replace">
    <find><![CDATA[<a class="tabs-tab{{ $active == 'page' ? ' is-active' : '' }}"
			role="tab" tabindex="0" aria-controls="{{ unique_id('criteriaPage') }}">{{ phrase('page_criteria') }}</a>]]></find>
    <replace><![CDATA[$0

<xf:macro name="tab" template="CMTV_CB_helper_criteria"
		  arg-criteriaType="page"
		  arg-tabName="{{ phrase('CMTV_CB_page_criteria') }}" />]]></replace>
  </modification>
  <modification type="admin" template="helper_criteria" modification_key="CMTV_CB_helper_criteria_user_pane" description="Adding &quot;[CB] User criteria&quot; pane" execution_order="10" enabled="1" action="preg_replace">
    <find><![CDATA[/<li class="{{ \$active == 'user_field' \? 'is-active' : '' }}" role="tabpanel" id="{{ unique_id\('criteriaUserField'\) }}">[\s\S]+?<\/li>/]]></find>
    <replace><![CDATA[$0

<xf:macro name="pane" template="CMTV_CB_helper_criteria" 
		  arg-criteriaType="user"
		  arg-criteriaInput="user_criteria"
		  arg-criteria="{$criteria}"
		  arg-data="{$data}" />]]></replace>
  </modification>
  <modification type="admin" template="helper_criteria" modification_key="CMTV_CB_helper_criteria_user_tab" description="Adding &quot;[CB] User criteria&quot; tab" execution_order="10" enabled="1" action="str_replace">
    <find><![CDATA[<a class="tabs-tab{{ $active == 'user_field' ? ' is-active' : '' }}"
			role="tab" tabindex="0" aria-controls="{{ unique_id('criteriaUserField') }}">
			{{ phrase('custom_userfield_criteria') }}</a>]]></find>
    <replace><![CDATA[$0

<xf:macro name="tab" template="CMTV_CB_helper_criteria"
		  arg-criteriaType="user"
		  arg-tabName="{{ phrase('CMTV_CB_user_criteria') }}" />]]></replace>
  </modification>
  <modification type="admin" template="tools_rebuild" modification_key="CMTV_CB_tools_rebuild" description="Criteria Builder rebuild tools" execution_order="10" enabled="1" action="str_replace">
    <find><![CDATA[<!--[XF:rebuild_bottom]-->]]></find>
    <replace><![CDATA[<xf:include template="CMTV_CB_tools_rebuild" />

$0]]></replace>
  </modification>
</template_modifications>
